{
  "zc9vd6d3lv.txt": {
    "labels": [
      {
        "class": 0,
        "x_center": 0.247656,
        "y_center": 0.636806,
        "width": 0.3875,
        "height": 0.195833,
        "confidence": 0.85
      },
      {
        "class": 1,
        "x_center": 0.342969,
        "y_center": 0.594444,
        "width": 0.154687,
        "height": 0.569444,
        "confidence": 0.85
      }
    ]
  },
  "tbj0umvc6e.txt": {
    "labels": [
      {
        "class": 4,
        "x_center": 0.588672,
        "y_center": 0.438194,
        "width": 0.303906,
        "height": 0.293056,
        "confidence": 0.1
      }
    ]
  }
}